Company Name,Website,Email,Column 1,Phone,Location,Total Score,Reviews Count,,,,,,
Company Name,Reviews Rate,Reviews Count,Owner Name,Website,Email,Phone,,,,emails/0,,city,website
TREEBIRD LLC,5,2,Ian Jones,http://treebird-construction.com/,treebird@comcast.net,(206) 226-5094,,,,info@salleauriol.com,,Seattle,http://www.salleauriol.com/
Tree City LLC,5,1,-,https://www.treecityllc.com/,NA,(206) 388-8802,,,,club@fleurdelysfencing.org,,Seattle,http://www.fleurdelysfencing.org/location.html
Madison Park Tree,5,4,Allen Taylor,http://madisonparktree.com/, info@conservationtreecare.com,(206) 322-4546,,,,info@rarebearsfencing.com,,Seattle,https://www.rarebearsfencing.com/
Green Team Landscapers LLC,5,18,Jurica Kezic ,https://greenteamland.com/,info@greenteamland.com,(206) 306-5009,,,,Gibson@gibsonfenceanddeck.com,,Seattle,https://gibsonfenceanddeck.com/deck-and-fence-contractor-west-seattle/?utm_source=google_my_business&utm_medium=local_listing&utm_campaign=west_seattle_gmb
Urban Arborist LLC,5,9,Ian Scott,http://urbanarboristnw.com/,NA,(206) 930-1427,,,,fence@raincityfence.com,,Seattle,https://raincityfence.com/
Ballard Tree Service,4.5,47,Greg Allen,http://www.ballardtree.com/, info@ballardtree.com,(206) 782-8202,,,,,,,https://toprailfences.com/locations/seattle/?utm_source=gmb&utm_medium=gmb&utm_campaign=gmb&utm_id=gmb
Seattle Tree Professionals,5,9,Kyle Anderson & Dustin Grinstead,http://www.seattletreeprofessionals.com/,seattletreeprofessionals@gmail.com,(425) 686-9894,,,,,,Seattle,http://www.cainfenceanddeck.com/
Arbor Tree Care,5,1,-,https://www.treeservicesseattlewa.com/,NA,(206) 201-1214,,,,,,,
Tree People Tree Care,4.9,30,James Wyland,https://www.treepeoplenw.com/?utm_source=google&utm_medium=organic&utm_campaign=gmb,info@treepeoplenw.com,(206) 853-4538,,,,Gibson@gibsonfenceanddeck.com,,Seattle,https://www.gibsonfenceanddeck.com/deck-and-fence-contractor-capitol-hill/?utm_source=google_my_business&utm_medium=local_listing&utm_campaign=capitol_hill_gmb
Bartlett Tree Experts,5,17,Robert A. Barlett Jr. ,https://www.bartlett.com/locations/georgetown-seattle-wa.cfm,NA,(425) 481-6522,,,,,,,https://www.westseattlefence.com/
Blooma Tree Experts,4.8,559,Kaustubh Deo,https://www.bloomatree.com/,NA,(206) 714-9835,,,,,,Seattle,https://seattlefence.com/
Seattle Tree Care,4.9,502,Peter Gruenwoldt & Kelsey Gruenwoldt,https://seattletreecare.org/?utm_source=gbp&utm_medium=local_organic&utm_campaign=gbp_listing,info@seattletreecare.org,(206) 809-6159,,,,definingfence@gmail.com,,,https://definingfence.com/
Cascade Tree Care,4.9,130,Derrick ,https://www.cascadetreecare.com/?utm_campaign=gmb,derrick@cascadetreecare.com,(425) 873-8986,,,,,,Seattle,http://seattle.harbisonfencing.com/
Treemendous Tree Service,4.7,10,Sam,http://www.treemendoustree.com/,TreemendousTree@gmail.com,(206) 353-2849,,,,rigginsconstructionllc@yahoo.com,,Seattle,http://www.rigginsconstructionllc.com/
Olympic Mountains Tree Service,5,15,-,http://www.treeremovalwestseattle.com/,NA,(206) 203-1396,,,,,,,
Alex's Yard Work Services | Lawn Care in University District,4.8,14,Alex Hubbard,https://alexsyardwork.com/,alex.hubbard@rocketmail.com,(206) 348-9004,,,,,,,
Overstory Tree Care LLC,5,6,Chris ,http://overstorytreecare.com/,chris@overstorytreecare.com,â€”,,,,,,,
Bootstrap Lawn Care & Services,4.9,37,Zach Robinson,https://seattlelawncareservices.com/,BootstrapLCS@gmail.com,(206) 494-5363,,,,,,,
Nw Yard Services,4.6,44,James Kang,http://www.nwyardservices.com/,Northwestyardservices@gmail.com,(206) 409-9637,,,,,,,
STUMP grind THE YARD,5,4,Elijah C. ,http://sgtysea.com/,NA,(206) 475-6838,,,,,,,
Seattle Christmas Tree,4.7,74,-,http://seattlechristmastree.com/?utm_source=gmb&utm_medium=referral,info@seattlechristmastree.com,(206) 886-2545,,,,,,,
Emerald Tree Service Seattle,4.1,10,Eric Gale,https://www.tree-service-seattle.info/,"emeraldtreeservice@comcast.net
",(206) 726-0668,,,,,,,
Ravenna Arborists,4.3,6,Collin Wheeler ,http://ravennaarborists.com/,NA,(206) 919-1302,,,,,,,
Tree133,5,251,Craig Bachmann,https://www.tree133.com/?utm_source=google&utm_medium=wix_google_business_profile&utm_campaign=2023039212156864982,arborist@tree133.com,206-745-0473,,,,,,,